date,keyword,search_index,scrape_date
2/24/2026 10:00,saree,69,3/3/2026
2/24/2026 11:00,saree,70,3/3/2026
2/24/2026 12:00,saree,67,3/3/2026
2/24/2026 13:00,saree,67,3/3/2026
2/24/2026 14:00,saree,69,3/3/2026
2/24/2026 15:00,saree,76,3/3/2026
2/24/2026 16:00,saree,81,3/3/2026
2/24/2026 17:00,saree,92,3/3/2026
2/24/2026 18:00,saree,94,3/3/2026
2/24/2026 19:00,saree,93,3/3/2026
2/24/2026 20:00,saree,82,3/3/2026
2/24/2026 21:00,saree,75,3/3/2026
2/24/2026 22:00,saree,73,3/3/2026
2/24/2026 23:00,saree,62,3/3/2026
2/25/2026 0:00,saree,62,3/3/2026
2/25/2026 1:00,saree,62,3/3/2026
2/25/2026 2:00,saree,62,3/3/2026
2/25/2026 3:00,saree,60,3/3/2026
2/25/2026 4:00,saree,56,3/3/2026
2/25/2026 5:00,saree,64,3/3/2026
2/25/2026 6:00,saree,62,3/3/2026
2/25/2026 7:00,saree,65,3/3/2026
2/25/2026 8:00,saree,70,3/3/2026
2/25/2026 9:00,saree,71,3/3/2026
2/25/2026 10:00,saree,71,3/3/2026
2/25/2026 11:00,saree,67,3/3/2026
2/25/2026 12:00,saree,70,3/3/2026
2/25/2026 13:00,saree,66,3/3/2026
2/25/2026 14:00,saree,73,3/3/2026
2/25/2026 15:00,saree,71,3/3/2026
2/25/2026 16:00,saree,77,3/3/2026
2/25/2026 17:00,saree,91,3/3/2026
2/25/2026 18:00,saree,97,3/3/2026
2/25/2026 19:00,saree,94,3/3/2026
2/25/2026 20:00,saree,80,3/3/2026
2/25/2026 21:00,saree,78,3/3/2026
2/25/2026 22:00,saree,68,3/3/2026
2/25/2026 23:00,saree,62,3/3/2026
2/26/2026 0:00,saree,66,3/3/2026
2/26/2026 1:00,saree,60,3/3/2026
2/26/2026 2:00,saree,60,3/3/2026
2/26/2026 3:00,saree,62,3/3/2026
2/26/2026 4:00,saree,54,3/3/2026
2/26/2026 5:00,saree,60,3/3/2026
2/26/2026 6:00,saree,61,3/3/2026
2/26/2026 7:00,saree,65,3/3/2026
2/26/2026 8:00,saree,65,3/3/2026
2/26/2026 9:00,saree,68,3/3/2026
2/26/2026 10:00,saree,66,3/3/2026
2/26/2026 11:00,saree,64,3/3/2026
2/26/2026 12:00,saree,64,3/3/2026
2/26/2026 13:00,saree,60,3/3/2026
2/26/2026 14:00,saree,68,3/3/2026
2/26/2026 15:00,saree,74,3/3/2026
2/26/2026 16:00,saree,76,3/3/2026
2/26/2026 17:00,saree,82,3/3/2026
2/26/2026 18:00,saree,97,3/3/2026
2/26/2026 19:00,saree,91,3/3/2026
2/26/2026 20:00,saree,80,3/3/2026
2/26/2026 21:00,saree,70,3/3/2026
2/26/2026 22:00,saree,62,3/3/2026
2/26/2026 23:00,saree,58,3/3/2026
2/27/2026 0:00,saree,57,3/3/2026
2/27/2026 1:00,saree,58,3/3/2026
2/27/2026 2:00,saree,58,3/3/2026
2/27/2026 3:00,saree,57,3/3/2026
2/27/2026 4:00,saree,56,3/3/2026
2/27/2026 5:00,saree,61,3/3/2026
2/27/2026 6:00,saree,61,3/3/2026
2/27/2026 7:00,saree,68,3/3/2026
2/27/2026 8:00,saree,66,3/3/2026
2/27/2026 9:00,saree,69,3/3/2026
2/27/2026 10:00,saree,70,3/3/2026
2/27/2026 11:00,saree,69,3/3/2026
2/27/2026 12:00,saree,69,3/3/2026
2/27/2026 13:00,saree,68,3/3/2026
2/27/2026 14:00,saree,75,3/3/2026
2/27/2026 15:00,saree,71,3/3/2026
2/27/2026 16:00,saree,80,3/3/2026
2/27/2026 17:00,saree,89,3/3/2026
2/27/2026 18:00,saree,95,3/3/2026
2/27/2026 19:00,saree,91,3/3/2026
2/27/2026 20:00,saree,85,3/3/2026
2/27/2026 21:00,saree,73,3/3/2026
2/27/2026 22:00,saree,67,3/3/2026
2/27/2026 23:00,saree,65,3/3/2026
2/28/2026 0:00,saree,59,3/3/2026
2/28/2026 1:00,saree,63,3/3/2026
2/28/2026 2:00,saree,63,3/3/2026
2/28/2026 3:00,saree,62,3/3/2026
2/28/2026 4:00,saree,58,3/3/2026
2/28/2026 5:00,saree,64,3/3/2026
2/28/2026 6:00,saree,70,3/3/2026
2/28/2026 7:00,saree,72,3/3/2026
2/28/2026 8:00,saree,77,3/3/2026
2/28/2026 9:00,saree,79,3/3/2026
2/28/2026 10:00,saree,76,3/3/2026
2/28/2026 11:00,saree,78,3/3/2026
2/28/2026 12:00,saree,75,3/3/2026
2/28/2026 13:00,saree,68,3/3/2026
2/28/2026 14:00,saree,71,3/3/2026
2/28/2026 15:00,saree,66,3/3/2026
2/28/2026 16:00,saree,74,3/3/2026
2/28/2026 17:00,saree,88,3/3/2026
2/28/2026 18:00,saree,100,3/3/2026
2/28/2026 19:00,saree,95,3/3/2026
2/28/2026 20:00,saree,84,3/3/2026
2/28/2026 21:00,saree,71,3/3/2026
2/28/2026 22:00,saree,68,3/3/2026
2/28/2026 23:00,saree,63,3/3/2026
3/1/2026 0:00,saree,67,3/3/2026
3/1/2026 1:00,saree,62,3/3/2026
3/1/2026 2:00,saree,62,3/3/2026
3/1/2026 3:00,saree,61,3/3/2026
3/1/2026 4:00,saree,63,3/3/2026
3/1/2026 5:00,saree,68,3/3/2026
3/1/2026 6:00,saree,77,3/3/2026
3/1/2026 7:00,saree,80,3/3/2026
3/1/2026 8:00,saree,78,3/3/2026
3/1/2026 9:00,saree,81,3/3/2026
3/1/2026 10:00,saree,89,3/3/2026
3/1/2026 11:00,saree,84,3/3/2026
3/1/2026 12:00,saree,79,3/3/2026
3/1/2026 13:00,saree,65,3/3/2026
3/1/2026 14:00,saree,73,3/3/2026
3/1/2026 15:00,saree,66,3/3/2026
3/1/2026 16:00,saree,75,3/3/2026
3/1/2026 17:00,saree,80,3/3/2026
3/1/2026 18:00,saree,99,3/3/2026
3/1/2026 19:00,saree,95,3/3/2026
3/1/2026 20:00,saree,89,3/3/2026
3/1/2026 21:00,saree,78,3/3/2026
3/1/2026 22:00,saree,66,3/3/2026
3/1/2026 23:00,saree,58,3/3/2026
3/2/2026 0:00,saree,57,3/3/2026
3/2/2026 1:00,saree,56,3/3/2026
3/2/2026 2:00,saree,57,3/3/2026
3/2/2026 3:00,saree,53,3/3/2026
3/2/2026 4:00,saree,52,3/3/2026
3/2/2026 5:00,saree,55,3/3/2026
3/2/2026 6:00,saree,59,3/3/2026
3/2/2026 7:00,saree,63,3/3/2026
3/2/2026 8:00,saree,68,3/3/2026
3/2/2026 9:00,saree,69,3/3/2026
3/2/2026 10:00,saree,67,3/3/2026
3/2/2026 11:00,saree,64,3/3/2026
3/2/2026 12:00,saree,63,3/3/2026
3/2/2026 13:00,saree,64,3/3/2026
3/2/2026 14:00,saree,63,3/3/2026
3/2/2026 15:00,saree,65,3/3/2026
3/2/2026 16:00,saree,74,3/3/2026
3/2/2026 17:00,saree,87,3/3/2026
3/2/2026 18:00,saree,93,3/3/2026
3/2/2026 19:00,saree,90,3/3/2026
3/2/2026 20:00,saree,80,3/3/2026
3/2/2026 21:00,saree,73,3/3/2026
3/2/2026 22:00,saree,69,3/3/2026
3/2/2026 23:00,saree,59,3/3/2026
3/3/2026 0:00,saree,62,3/3/2026
3/3/2026 1:00,saree,59,3/3/2026
3/3/2026 2:00,saree,58,3/3/2026
3/3/2026 3:00,saree,54,3/3/2026
3/3/2026 4:00,saree,53,3/3/2026
3/3/2026 5:00,saree,59,3/3/2026
3/3/2026 6:00,saree,63,3/3/2026
3/3/2026 7:00,saree,69,3/3/2026
3/3/2026 8:00,saree,67,3/3/2026
3/3/2026 9:00,saree,67,3/3/2026
3/3/2026 10:00,saree,80,3/3/2026
2/24/2026 10:00,kurti,71,3/3/2026
2/24/2026 11:00,kurti,75,3/3/2026
2/24/2026 12:00,kurti,76,3/3/2026
2/24/2026 13:00,kurti,79,3/3/2026
2/24/2026 14:00,kurti,83,3/3/2026
2/24/2026 15:00,kurti,83,3/3/2026
2/24/2026 16:00,kurti,78,3/3/2026
2/24/2026 17:00,kurti,80,3/3/2026
2/24/2026 18:00,kurti,82,3/3/2026
2/24/2026 19:00,kurti,87,3/3/2026
2/24/2026 20:00,kurti,73,3/3/2026
2/24/2026 21:00,kurti,58,3/3/2026
2/24/2026 22:00,kurti,45,3/3/2026
2/24/2026 23:00,kurti,46,3/3/2026
2/25/2026 0:00,kurti,42,3/3/2026
2/25/2026 1:00,kurti,37,3/3/2026
2/25/2026 2:00,kurti,51,3/3/2026
2/25/2026 3:00,kurti,63,3/3/2026
2/25/2026 4:00,kurti,61,3/3/2026
2/25/2026 5:00,kurti,66,3/3/2026
2/25/2026 6:00,kurti,69,3/3/2026
2/25/2026 7:00,kurti,73,3/3/2026
2/25/2026 8:00,kurti,71,3/3/2026
2/25/2026 9:00,kurti,76,3/3/2026
2/25/2026 10:00,kurti,76,3/3/2026
2/25/2026 11:00,kurti,81,3/3/2026
2/25/2026 12:00,kurti,80,3/3/2026
2/25/2026 13:00,kurti,80,3/3/2026
2/25/2026 14:00,kurti,97,3/3/2026
2/25/2026 15:00,kurti,82,3/3/2026
2/25/2026 16:00,kurti,84,3/3/2026
2/25/2026 17:00,kurti,87,3/3/2026
2/25/2026 18:00,kurti,84,3/3/2026
2/25/2026 19:00,kurti,80,3/3/2026
2/25/2026 20:00,kurti,67,3/3/2026
2/25/2026 21:00,kurti,61,3/3/2026
2/25/2026 22:00,kurti,45,3/3/2026
2/25/2026 23:00,kurti,51,3/3/2026
2/26/2026 0:00,kurti,45,3/3/2026
2/26/2026 1:00,kurti,42,3/3/2026
2/26/2026 2:00,kurti,54,3/3/2026
2/26/2026 3:00,kurti,62,3/3/2026
2/26/2026 4:00,kurti,64,3/3/2026
2/26/2026 5:00,kurti,71,3/3/2026
2/26/2026 6:00,kurti,76,3/3/2026
2/26/2026 7:00,kurti,74,3/3/2026
2/26/2026 8:00,kurti,78,3/3/2026
2/26/2026 9:00,kurti,71,3/3/2026
2/26/2026 10:00,kurti,70,3/3/2026
2/26/2026 11:00,kurti,75,3/3/2026
2/26/2026 12:00,kurti,75,3/3/2026
2/26/2026 13:00,kurti,78,3/3/2026
2/26/2026 14:00,kurti,88,3/3/2026
2/26/2026 15:00,kurti,82,3/3/2026
2/26/2026 16:00,kurti,77,3/3/2026
2/26/2026 17:00,kurti,70,3/3/2026
2/26/2026 18:00,kurti,75,3/3/2026
2/26/2026 19:00,kurti,85,3/3/2026
2/26/2026 20:00,kurti,73,3/3/2026
2/26/2026 21:00,kurti,61,3/3/2026
2/26/2026 22:00,kurti,47,3/3/2026
2/26/2026 23:00,kurti,37,3/3/2026
2/27/2026 0:00,kurti,33,3/3/2026
2/27/2026 1:00,kurti,42,3/3/2026
2/27/2026 2:00,kurti,53,3/3/2026
2/27/2026 3:00,kurti,64,3/3/2026
2/27/2026 4:00,kurti,65,3/3/2026
2/27/2026 5:00,kurti,68,3/3/2026
2/27/2026 6:00,kurti,69,3/3/2026
2/27/2026 7:00,kurti,70,3/3/2026
2/27/2026 8:00,kurti,70,3/3/2026
2/27/2026 9:00,kurti,71,3/3/2026
2/27/2026 10:00,kurti,73,3/3/2026
2/27/2026 11:00,kurti,78,3/3/2026
2/27/2026 12:00,kurti,76,3/3/2026
2/27/2026 13:00,kurti,78,3/3/2026
2/27/2026 14:00,kurti,86,3/3/2026
2/27/2026 15:00,kurti,86,3/3/2026
2/27/2026 16:00,kurti,84,3/3/2026
2/27/2026 17:00,kurti,79,3/3/2026
2/27/2026 18:00,kurti,81,3/3/2026
2/27/2026 19:00,kurti,78,3/3/2026
2/27/2026 20:00,kurti,80,3/3/2026
2/27/2026 21:00,kurti,54,3/3/2026
2/27/2026 22:00,kurti,48,3/3/2026
2/27/2026 23:00,kurti,50,3/3/2026
2/28/2026 0:00,kurti,46,3/3/2026
2/28/2026 1:00,kurti,42,3/3/2026
2/28/2026 2:00,kurti,56,3/3/2026
2/28/2026 3:00,kurti,70,3/3/2026
2/28/2026 4:00,kurti,72,3/3/2026
2/28/2026 5:00,kurti,78,3/3/2026
2/28/2026 6:00,kurti,87,3/3/2026
2/28/2026 7:00,kurti,82,3/3/2026
2/28/2026 8:00,kurti,85,3/3/2026
2/28/2026 9:00,kurti,86,3/3/2026
2/28/2026 10:00,kurti,87,3/3/2026
2/28/2026 11:00,kurti,87,3/3/2026
2/28/2026 12:00,kurti,91,3/3/2026
2/28/2026 13:00,kurti,84,3/3/2026
2/28/2026 14:00,kurti,91,3/3/2026
2/28/2026 15:00,kurti,84,3/3/2026
2/28/2026 16:00,kurti,81,3/3/2026
2/28/2026 17:00,kurti,78,3/3/2026
2/28/2026 18:00,kurti,87,3/3/2026
2/28/2026 19:00,kurti,91,3/3/2026
2/28/2026 20:00,kurti,74,3/3/2026
2/28/2026 21:00,kurti,50,3/3/2026
2/28/2026 22:00,kurti,46,3/3/2026
2/28/2026 23:00,kurti,42,3/3/2026
3/1/2026 0:00,kurti,48,3/3/2026
3/1/2026 1:00,kurti,40,3/3/2026
3/1/2026 2:00,kurti,53,3/3/2026
3/1/2026 3:00,kurti,63,3/3/2026
3/1/2026 4:00,kurti,80,3/3/2026
3/1/2026 5:00,kurti,85,3/3/2026
3/1/2026 6:00,kurti,96,3/3/2026
3/1/2026 7:00,kurti,99,3/3/2026
3/1/2026 8:00,kurti,100,3/3/2026
3/1/2026 9:00,kurti,92,3/3/2026
3/1/2026 10:00,kurti,97,3/3/2026
3/1/2026 11:00,kurti,97,3/3/2026
3/1/2026 12:00,kurti,96,3/3/2026
3/1/2026 13:00,kurti,86,3/3/2026
3/1/2026 14:00,kurti,90,3/3/2026
3/1/2026 15:00,kurti,87,3/3/2026
3/1/2026 16:00,kurti,85,3/3/2026
3/1/2026 17:00,kurti,80,3/3/2026
3/1/2026 18:00,kurti,84,3/3/2026
3/1/2026 19:00,kurti,83,3/3/2026
3/1/2026 20:00,kurti,76,3/3/2026
3/1/2026 21:00,kurti,62,3/3/2026
3/1/2026 22:00,kurti,51,3/3/2026
3/1/2026 23:00,kurti,40,3/3/2026
3/2/2026 0:00,kurti,41,3/3/2026
3/2/2026 1:00,kurti,43,3/3/2026
3/2/2026 2:00,kurti,52,3/3/2026
3/2/2026 3:00,kurti,60,3/3/2026
3/2/2026 4:00,kurti,61,3/3/2026
3/2/2026 5:00,kurti,66,3/3/2026
3/2/2026 6:00,kurti,72,3/3/2026
3/2/2026 7:00,kurti,75,3/3/2026
3/2/2026 8:00,kurti,75,3/3/2026
3/2/2026 9:00,kurti,75,3/3/2026
3/2/2026 10:00,kurti,80,3/3/2026
3/2/2026 11:00,kurti,79,3/3/2026
3/2/2026 12:00,kurti,80,3/3/2026
3/2/2026 13:00,kurti,86,3/3/2026
3/2/2026 14:00,kurti,90,3/3/2026
3/2/2026 15:00,kurti,86,3/3/2026
3/2/2026 16:00,kurti,84,3/3/2026
3/2/2026 17:00,kurti,86,3/3/2026
3/2/2026 18:00,kurti,82,3/3/2026
3/2/2026 19:00,kurti,83,3/3/2026
3/2/2026 20:00,kurti,67,3/3/2026
3/2/2026 21:00,kurti,55,3/3/2026
3/2/2026 22:00,kurti,44,3/3/2026
3/2/2026 23:00,kurti,46,3/3/2026
3/3/2026 0:00,kurti,43,3/3/2026
3/3/2026 1:00,kurti,42,3/3/2026
3/3/2026 2:00,kurti,51,3/3/2026
3/3/2026 3:00,kurti,66,3/3/2026
3/3/2026 4:00,kurti,65,3/3/2026
3/3/2026 5:00,kurti,72,3/3/2026
3/3/2026 6:00,kurti,80,3/3/2026
3/3/2026 7:00,kurti,82,3/3/2026
3/3/2026 8:00,kurti,81,3/3/2026
3/3/2026 9:00,kurti,76,3/3/2026
3/3/2026 10:00,kurti,72,3/3/2026
2/24/2026 10:00,jeans,54,3/3/2026
2/24/2026 11:00,jeans,56,3/3/2026
2/24/2026 12:00,jeans,58,3/3/2026
2/24/2026 13:00,jeans,64,3/3/2026
2/24/2026 14:00,jeans,69,3/3/2026
2/24/2026 15:00,jeans,64,3/3/2026
2/24/2026 16:00,jeans,61,3/3/2026
2/24/2026 17:00,jeans,65,3/3/2026
2/24/2026 18:00,jeans,73,3/3/2026
2/24/2026 19:00,jeans,85,3/3/2026
2/24/2026 20:00,jeans,78,3/3/2026
2/24/2026 21:00,jeans,67,3/3/2026
2/24/2026 22:00,jeans,51,3/3/2026
2/24/2026 23:00,jeans,43,3/3/2026
2/25/2026 0:00,jeans,40,3/3/2026
2/25/2026 1:00,jeans,46,3/3/2026
2/25/2026 2:00,jeans,53,3/3/2026
2/25/2026 3:00,jeans,57,3/3/2026
2/25/2026 4:00,jeans,51,3/3/2026
2/25/2026 5:00,jeans,50,3/3/2026
2/25/2026 6:00,jeans,52,3/3/2026
2/25/2026 7:00,jeans,54,3/3/2026
2/25/2026 8:00,jeans,52,3/3/2026
2/25/2026 9:00,jeans,51,3/3/2026
2/25/2026 10:00,jeans,53,3/3/2026
2/25/2026 11:00,jeans,61,3/3/2026
2/25/2026 12:00,jeans,62,3/3/2026
2/25/2026 13:00,jeans,67,3/3/2026
2/25/2026 14:00,jeans,69,3/3/2026
2/25/2026 15:00,jeans,63,3/3/2026
2/25/2026 16:00,jeans,68,3/3/2026
2/25/2026 17:00,jeans,69,3/3/2026
2/25/2026 18:00,jeans,72,3/3/2026
2/25/2026 19:00,jeans,80,3/3/2026
2/25/2026 20:00,jeans,78,3/3/2026
2/25/2026 21:00,jeans,69,3/3/2026
2/25/2026 22:00,jeans,52,3/3/2026
2/25/2026 23:00,jeans,49,3/3/2026
2/26/2026 0:00,jeans,43,3/3/2026
2/26/2026 1:00,jeans,46,3/3/2026
2/26/2026 2:00,jeans,52,3/3/2026
2/26/2026 3:00,jeans,55,3/3/2026
2/26/2026 4:00,jeans,54,3/3/2026
2/26/2026 5:00,jeans,49,3/3/2026
2/26/2026 6:00,jeans,52,3/3/2026
2/26/2026 7:00,jeans,55,3/3/2026
2/26/2026 8:00,jeans,56,3/3/2026
2/26/2026 9:00,jeans,53,3/3/2026
2/26/2026 10:00,jeans,52,3/3/2026
2/26/2026 11:00,jeans,57,3/3/2026
2/26/2026 12:00,jeans,64,3/3/2026
2/26/2026 13:00,jeans,61,3/3/2026
2/26/2026 14:00,jeans,65,3/3/2026
2/26/2026 15:00,jeans,68,3/3/2026
2/26/2026 16:00,jeans,65,3/3/2026
2/26/2026 17:00,jeans,67,3/3/2026
2/26/2026 18:00,jeans,77,3/3/2026
2/26/2026 19:00,jeans,90,3/3/2026
2/26/2026 20:00,jeans,95,3/3/2026
2/26/2026 21:00,jeans,98,3/3/2026
2/26/2026 22:00,jeans,94,3/3/2026
2/26/2026 23:00,jeans,69,3/3/2026
2/27/2026 0:00,jeans,53,3/3/2026
2/27/2026 1:00,jeans,55,3/3/2026
2/27/2026 2:00,jeans,58,3/3/2026
2/27/2026 3:00,jeans,62,3/3/2026
2/27/2026 4:00,jeans,57,3/3/2026
2/27/2026 5:00,jeans,54,3/3/2026
2/27/2026 6:00,jeans,55,3/3/2026
2/27/2026 7:00,jeans,55,3/3/2026
2/27/2026 8:00,jeans,58,3/3/2026
2/27/2026 9:00,jeans,100,3/3/2026
2/27/2026 10:00,jeans,58,3/3/2026
2/27/2026 11:00,jeans,64,3/3/2026
2/27/2026 12:00,jeans,62,3/3/2026
2/27/2026 13:00,jeans,63,3/3/2026
2/27/2026 14:00,jeans,67,3/3/2026
2/27/2026 15:00,jeans,74,3/3/2026
2/27/2026 16:00,jeans,67,3/3/2026
2/27/2026 17:00,jeans,68,3/3/2026
2/27/2026 18:00,jeans,83,3/3/2026
2/27/2026 19:00,jeans,85,3/3/2026
2/27/2026 20:00,jeans,86,3/3/2026
2/27/2026 21:00,jeans,77,3/3/2026
2/27/2026 22:00,jeans,72,3/3/2026
2/27/2026 23:00,jeans,54,3/3/2026
2/28/2026 0:00,jeans,47,3/3/2026
2/28/2026 1:00,jeans,50,3/3/2026
2/28/2026 2:00,jeans,54,3/3/2026
2/28/2026 3:00,jeans,62,3/3/2026
2/28/2026 4:00,jeans,57,3/3/2026
2/28/2026 5:00,jeans,60,3/3/2026
2/28/2026 6:00,jeans,73,3/3/2026
2/28/2026 7:00,jeans,71,3/3/2026
2/28/2026 8:00,jeans,65,3/3/2026
2/28/2026 9:00,jeans,68,3/3/2026
2/28/2026 10:00,jeans,65,3/3/2026
2/28/2026 11:00,jeans,72,3/3/2026
2/28/2026 12:00,jeans,70,3/3/2026
2/28/2026 13:00,jeans,69,3/3/2026
2/28/2026 14:00,jeans,69,3/3/2026
2/28/2026 15:00,jeans,67,3/3/2026
2/28/2026 16:00,jeans,66,3/3/2026
2/28/2026 17:00,jeans,64,3/3/2026
2/28/2026 18:00,jeans,71,3/3/2026
2/28/2026 19:00,jeans,82,3/3/2026
2/28/2026 20:00,jeans,77,3/3/2026
2/28/2026 21:00,jeans,60,3/3/2026
2/28/2026 22:00,jeans,59,3/3/2026
2/28/2026 23:00,jeans,50,3/3/2026
3/1/2026 0:00,jeans,47,3/3/2026
3/1/2026 1:00,jeans,40,3/3/2026
3/1/2026 2:00,jeans,54,3/3/2026
3/1/2026 3:00,jeans,60,3/3/2026
3/1/2026 4:00,jeans,68,3/3/2026
3/1/2026 5:00,jeans,76,3/3/2026
3/1/2026 6:00,jeans,77,3/3/2026
3/1/2026 7:00,jeans,82,3/3/2026
3/1/2026 8:00,jeans,77,3/3/2026
3/1/2026 9:00,jeans,74,3/3/2026
3/1/2026 10:00,jeans,79,3/3/2026
3/1/2026 11:00,jeans,81,3/3/2026
3/1/2026 12:00,jeans,78,3/3/2026
3/1/2026 13:00,jeans,71,3/3/2026
3/1/2026 14:00,jeans,74,3/3/2026
3/1/2026 15:00,jeans,66,3/3/2026
3/1/2026 16:00,jeans,63,3/3/2026
3/1/2026 17:00,jeans,62,3/3/2026
3/1/2026 18:00,jeans,83,3/3/2026
3/1/2026 19:00,jeans,82,3/3/2026
3/1/2026 20:00,jeans,81,3/3/2026
3/1/2026 21:00,jeans,68,3/3/2026
3/1/2026 22:00,jeans,57,3/3/2026
3/1/2026 23:00,jeans,48,3/3/2026
3/2/2026 0:00,jeans,37,3/3/2026
3/2/2026 1:00,jeans,39,3/3/2026
3/2/2026 2:00,jeans,50,3/3/2026
3/2/2026 3:00,jeans,50,3/3/2026
3/2/2026 4:00,jeans,49,3/3/2026
3/2/2026 5:00,jeans,49,3/3/2026
3/2/2026 6:00,jeans,51,3/3/2026
3/2/2026 7:00,jeans,56,3/3/2026
3/2/2026 8:00,jeans,60,3/3/2026
3/2/2026 9:00,jeans,56,3/3/2026
3/2/2026 10:00,jeans,56,3/3/2026
3/2/2026 11:00,jeans,59,3/3/2026
3/2/2026 12:00,jeans,61,3/3/2026
3/2/2026 13:00,jeans,67,3/3/2026
3/2/2026 14:00,jeans,64,3/3/2026
3/2/2026 15:00,jeans,67,3/3/2026
3/2/2026 16:00,jeans,63,3/3/2026
3/2/2026 17:00,jeans,68,3/3/2026
3/2/2026 18:00,jeans,69,3/3/2026
3/2/2026 19:00,jeans,79,3/3/2026
3/2/2026 20:00,jeans,74,3/3/2026
3/2/2026 21:00,jeans,59,3/3/2026
3/2/2026 22:00,jeans,49,3/3/2026
3/2/2026 23:00,jeans,44,3/3/2026
3/3/2026 0:00,jeans,37,3/3/2026
3/3/2026 1:00,jeans,36,3/3/2026
3/3/2026 2:00,jeans,47,3/3/2026
3/3/2026 3:00,jeans,53,3/3/2026
3/3/2026 4:00,jeans,52,3/3/2026
3/3/2026 5:00,jeans,56,3/3/2026
3/3/2026 6:00,jeans,58,3/3/2026
3/3/2026 7:00,jeans,58,3/3/2026
3/3/2026 8:00,jeans,63,3/3/2026
3/3/2026 9:00,jeans,59,3/3/2026
3/3/2026 10:00,jeans,40,3/3/2026
2/24/2026 10:00,tshirt,46,3/3/2026
2/24/2026 11:00,tshirt,48,3/3/2026
2/24/2026 12:00,tshirt,53,3/3/2026
2/24/2026 13:00,tshirt,50,3/3/2026
2/24/2026 14:00,tshirt,55,3/3/2026
2/24/2026 15:00,tshirt,53,3/3/2026
2/24/2026 16:00,tshirt,57,3/3/2026
2/24/2026 17:00,tshirt,63,3/3/2026
2/24/2026 18:00,tshirt,70,3/3/2026
2/24/2026 19:00,tshirt,89,3/3/2026
2/24/2026 20:00,tshirt,79,3/3/2026
2/24/2026 21:00,tshirt,81,3/3/2026
2/24/2026 22:00,tshirt,48,3/3/2026
2/24/2026 23:00,tshirt,33,3/3/2026
2/25/2026 0:00,tshirt,34,3/3/2026
2/25/2026 1:00,tshirt,31,3/3/2026
2/25/2026 2:00,tshirt,41,3/3/2026
2/25/2026 3:00,tshirt,47,3/3/2026
2/25/2026 4:00,tshirt,46,3/3/2026
2/25/2026 5:00,tshirt,48,3/3/2026
2/25/2026 6:00,tshirt,48,3/3/2026
2/25/2026 7:00,tshirt,49,3/3/2026
2/25/2026 8:00,tshirt,49,3/3/2026
2/25/2026 9:00,tshirt,49,3/3/2026
2/25/2026 10:00,tshirt,50,3/3/2026
2/25/2026 11:00,tshirt,52,3/3/2026
2/25/2026 12:00,tshirt,50,3/3/2026
2/25/2026 13:00,tshirt,53,3/3/2026
2/25/2026 14:00,tshirt,55,3/3/2026
2/25/2026 15:00,tshirt,52,3/3/2026
2/25/2026 16:00,tshirt,59,3/3/2026
2/25/2026 17:00,tshirt,67,3/3/2026
2/25/2026 18:00,tshirt,73,3/3/2026
2/25/2026 19:00,tshirt,86,3/3/2026
2/25/2026 20:00,tshirt,83,3/3/2026
2/25/2026 21:00,tshirt,73,3/3/2026
2/25/2026 22:00,tshirt,61,3/3/2026
2/25/2026 23:00,tshirt,41,3/3/2026
2/26/2026 0:00,tshirt,34,3/3/2026
2/26/2026 1:00,tshirt,30,3/3/2026
2/26/2026 2:00,tshirt,38,3/3/2026
2/26/2026 3:00,tshirt,46,3/3/2026
2/26/2026 4:00,tshirt,43,3/3/2026
2/26/2026 5:00,tshirt,48,3/3/2026
2/26/2026 6:00,tshirt,49,3/3/2026
2/26/2026 7:00,tshirt,49,3/3/2026
2/26/2026 8:00,tshirt,48,3/3/2026
2/26/2026 9:00,tshirt,44,3/3/2026
2/26/2026 10:00,tshirt,46,3/3/2026
2/26/2026 11:00,tshirt,52,3/3/2026
2/26/2026 12:00,tshirt,56,3/3/2026
2/26/2026 13:00,tshirt,55,3/3/2026
2/26/2026 14:00,tshirt,57,3/3/2026
2/26/2026 15:00,tshirt,59,3/3/2026
2/26/2026 16:00,tshirt,63,3/3/2026
2/26/2026 17:00,tshirt,65,3/3/2026
2/26/2026 18:00,tshirt,79,3/3/2026
2/26/2026 19:00,tshirt,96,3/3/2026
2/26/2026 20:00,tshirt,100,3/3/2026
2/26/2026 21:00,tshirt,100,3/3/2026
2/26/2026 22:00,tshirt,76,3/3/2026
2/26/2026 23:00,tshirt,61,3/3/2026
2/27/2026 0:00,tshirt,44,3/3/2026
2/27/2026 1:00,tshirt,41,3/3/2026
2/27/2026 2:00,tshirt,43,3/3/2026
2/27/2026 3:00,tshirt,48,3/3/2026
2/27/2026 4:00,tshirt,49,3/3/2026
2/27/2026 5:00,tshirt,49,3/3/2026
2/27/2026 6:00,tshirt,50,3/3/2026
2/27/2026 7:00,tshirt,50,3/3/2026
2/27/2026 8:00,tshirt,50,3/3/2026
2/27/2026 9:00,tshirt,62,3/3/2026
2/27/2026 10:00,tshirt,55,3/3/2026
2/27/2026 11:00,tshirt,52,3/3/2026
2/27/2026 12:00,tshirt,51,3/3/2026
2/27/2026 13:00,tshirt,55,3/3/2026
2/27/2026 14:00,tshirt,56,3/3/2026
2/27/2026 15:00,tshirt,56,3/3/2026
2/27/2026 16:00,tshirt,56,3/3/2026
2/27/2026 17:00,tshirt,65,3/3/2026
2/27/2026 18:00,tshirt,79,3/3/2026
2/27/2026 19:00,tshirt,91,3/3/2026
2/27/2026 20:00,tshirt,86,3/3/2026
2/27/2026 21:00,tshirt,74,3/3/2026
2/27/2026 22:00,tshirt,54,3/3/2026
2/27/2026 23:00,tshirt,47,3/3/2026
2/28/2026 0:00,tshirt,40,3/3/2026
2/28/2026 1:00,tshirt,33,3/3/2026
2/28/2026 2:00,tshirt,40,3/3/2026
2/28/2026 3:00,tshirt,50,3/3/2026
2/28/2026 4:00,tshirt,49,3/3/2026
2/28/2026 5:00,tshirt,52,3/3/2026
2/28/2026 6:00,tshirt,58,3/3/2026
2/28/2026 7:00,tshirt,57,3/3/2026
2/28/2026 8:00,tshirt,55,3/3/2026
2/28/2026 9:00,tshirt,59,3/3/2026
2/28/2026 10:00,tshirt,58,3/3/2026
2/28/2026 11:00,tshirt,61,3/3/2026
2/28/2026 12:00,tshirt,60,3/3/2026
2/28/2026 13:00,tshirt,60,3/3/2026
2/28/2026 14:00,tshirt,55,3/3/2026
2/28/2026 15:00,tshirt,55,3/3/2026
2/28/2026 16:00,tshirt,56,3/3/2026
2/28/2026 17:00,tshirt,57,3/3/2026
2/28/2026 18:00,tshirt,68,3/3/2026
2/28/2026 19:00,tshirt,80,3/3/2026
2/28/2026 20:00,tshirt,79,3/3/2026
2/28/2026 21:00,tshirt,67,3/3/2026
2/28/2026 22:00,tshirt,62,3/3/2026
2/28/2026 23:00,tshirt,40,3/3/2026
3/1/2026 0:00,tshirt,33,3/3/2026
3/1/2026 1:00,tshirt,26,3/3/2026
3/1/2026 2:00,tshirt,40,3/3/2026
3/1/2026 3:00,tshirt,49,3/3/2026
3/1/2026 4:00,tshirt,56,3/3/2026
3/1/2026 5:00,tshirt,60,3/3/2026
3/1/2026 6:00,tshirt,67,3/3/2026
3/1/2026 7:00,tshirt,68,3/3/2026
3/1/2026 8:00,tshirt,63,3/3/2026
3/1/2026 9:00,tshirt,65,3/3/2026
3/1/2026 10:00,tshirt,66,3/3/2026
3/1/2026 11:00,tshirt,64,3/3/2026
3/1/2026 12:00,tshirt,67,3/3/2026
3/1/2026 13:00,tshirt,59,3/3/2026
3/1/2026 14:00,tshirt,63,3/3/2026
3/1/2026 15:00,tshirt,59,3/3/2026
3/1/2026 16:00,tshirt,58,3/3/2026
3/1/2026 17:00,tshirt,56,3/3/2026
3/1/2026 18:00,tshirt,76,3/3/2026
3/1/2026 19:00,tshirt,80,3/3/2026
3/1/2026 20:00,tshirt,84,3/3/2026
3/1/2026 21:00,tshirt,78,3/3/2026
3/1/2026 22:00,tshirt,48,3/3/2026
3/1/2026 23:00,tshirt,32,3/3/2026
3/2/2026 0:00,tshirt,25,3/3/2026
3/2/2026 1:00,tshirt,27,3/3/2026
3/2/2026 2:00,tshirt,38,3/3/2026
3/2/2026 3:00,tshirt,45,3/3/2026
3/2/2026 4:00,tshirt,46,3/3/2026
3/2/2026 5:00,tshirt,47,3/3/2026
3/2/2026 6:00,tshirt,50,3/3/2026
3/2/2026 7:00,tshirt,50,3/3/2026
3/2/2026 8:00,tshirt,52,3/3/2026
3/2/2026 9:00,tshirt,52,3/3/2026
3/2/2026 10:00,tshirt,49,3/3/2026
3/2/2026 11:00,tshirt,55,3/3/2026
3/2/2026 12:00,tshirt,58,3/3/2026
3/2/2026 13:00,tshirt,58,3/3/2026
3/2/2026 14:00,tshirt,64,3/3/2026
3/2/2026 15:00,tshirt,61,3/3/2026
3/2/2026 16:00,tshirt,64,3/3/2026
3/2/2026 17:00,tshirt,68,3/3/2026
3/2/2026 18:00,tshirt,72,3/3/2026
3/2/2026 19:00,tshirt,86,3/3/2026
3/2/2026 20:00,tshirt,80,3/3/2026
3/2/2026 21:00,tshirt,63,3/3/2026
3/2/2026 22:00,tshirt,60,3/3/2026
3/2/2026 23:00,tshirt,34,3/3/2026
3/3/2026 0:00,tshirt,31,3/3/2026
3/3/2026 1:00,tshirt,34,3/3/2026
3/3/2026 2:00,tshirt,36,3/3/2026
3/3/2026 3:00,tshirt,51,3/3/2026
3/3/2026 4:00,tshirt,53,3/3/2026
3/3/2026 5:00,tshirt,54,3/3/2026
3/3/2026 6:00,tshirt,58,3/3/2026
3/3/2026 7:00,tshirt,58,3/3/2026
3/3/2026 8:00,tshirt,55,3/3/2026
3/3/2026 9:00,tshirt,52,3/3/2026
3/3/2026 10:00,tshirt,48,3/3/2026
2/24/2026 10:00,hoodie,7,3/3/2026
2/24/2026 11:00,hoodie,5,3/3/2026
2/24/2026 12:00,hoodie,6,3/3/2026
2/24/2026 13:00,hoodie,6,3/3/2026
2/24/2026 14:00,hoodie,8,3/3/2026
2/24/2026 15:00,hoodie,11,3/3/2026
2/24/2026 16:00,hoodie,11,3/3/2026
2/24/2026 17:00,hoodie,12,3/3/2026
2/24/2026 18:00,hoodie,11,3/3/2026
2/24/2026 19:00,hoodie,13,3/3/2026
2/24/2026 20:00,hoodie,14,3/3/2026
2/24/2026 21:00,hoodie,13,3/3/2026
2/24/2026 22:00,hoodie,15,3/3/2026
2/24/2026 23:00,hoodie,11,3/3/2026
2/25/2026 0:00,hoodie,16,3/3/2026
2/25/2026 1:00,hoodie,14,3/3/2026
2/25/2026 2:00,hoodie,14,3/3/2026
2/25/2026 3:00,hoodie,10,3/3/2026
2/25/2026 4:00,hoodie,9,3/3/2026
2/25/2026 5:00,hoodie,10,3/3/2026
2/25/2026 6:00,hoodie,9,3/3/2026
2/25/2026 7:00,hoodie,8,3/3/2026
2/25/2026 8:00,hoodie,8,3/3/2026
2/25/2026 9:00,hoodie,7,3/3/2026
2/25/2026 10:00,hoodie,9,3/3/2026
2/25/2026 11:00,hoodie,10,3/3/2026
2/25/2026 12:00,hoodie,11,3/3/2026
2/25/2026 13:00,hoodie,11,3/3/2026
2/25/2026 14:00,hoodie,10,3/3/2026
2/25/2026 15:00,hoodie,12,3/3/2026
2/25/2026 16:00,hoodie,14,3/3/2026
2/25/2026 17:00,hoodie,14,3/3/2026
2/25/2026 18:00,hoodie,16,3/3/2026
2/25/2026 19:00,hoodie,18,3/3/2026
2/25/2026 20:00,hoodie,19,3/3/2026
2/25/2026 21:00,hoodie,21,3/3/2026
2/25/2026 22:00,hoodie,22,3/3/2026
2/25/2026 23:00,hoodie,14,3/3/2026
2/26/2026 0:00,hoodie,15,3/3/2026
2/26/2026 1:00,hoodie,10,3/3/2026
2/26/2026 2:00,hoodie,7,3/3/2026
2/26/2026 3:00,hoodie,6,3/3/2026
2/26/2026 4:00,hoodie,8,3/3/2026
2/26/2026 5:00,hoodie,6,3/3/2026
2/26/2026 6:00,hoodie,8,3/3/2026
2/26/2026 7:00,hoodie,8,3/3/2026
2/26/2026 8:00,hoodie,7,3/3/2026
2/26/2026 9:00,hoodie,6,3/3/2026
2/26/2026 10:00,hoodie,7,3/3/2026
2/26/2026 11:00,hoodie,13,3/3/2026
2/26/2026 12:00,hoodie,23,3/3/2026
2/26/2026 13:00,hoodie,30,3/3/2026
2/26/2026 14:00,hoodie,25,3/3/2026
2/26/2026 15:00,hoodie,28,3/3/2026
2/26/2026 16:00,hoodie,30,3/3/2026
2/26/2026 17:00,hoodie,33,3/3/2026
2/26/2026 18:00,hoodie,30,3/3/2026
2/26/2026 19:00,hoodie,43,3/3/2026
2/26/2026 20:00,hoodie,67,3/3/2026
2/26/2026 21:00,hoodie,97,3/3/2026
2/26/2026 22:00,hoodie,100,3/3/2026
2/26/2026 23:00,hoodie,74,3/3/2026
2/27/2026 0:00,hoodie,51,3/3/2026
2/27/2026 1:00,hoodie,36,3/3/2026
2/27/2026 2:00,hoodie,19,3/3/2026
2/27/2026 3:00,hoodie,15,3/3/2026
2/27/2026 4:00,hoodie,16,3/3/2026
2/27/2026 5:00,hoodie,15,3/3/2026
2/27/2026 6:00,hoodie,11,3/3/2026
2/27/2026 7:00,hoodie,11,3/3/2026
2/27/2026 8:00,hoodie,13,3/3/2026
2/27/2026 9:00,hoodie,19,3/3/2026
2/27/2026 10:00,hoodie,14,3/3/2026
2/27/2026 11:00,hoodie,7,3/3/2026
2/27/2026 12:00,hoodie,7,3/3/2026
2/27/2026 13:00,hoodie,10,3/3/2026
2/27/2026 14:00,hoodie,9,3/3/2026
2/27/2026 15:00,hoodie,8,3/3/2026
2/27/2026 16:00,hoodie,13,3/3/2026
2/27/2026 17:00,hoodie,13,3/3/2026
2/27/2026 18:00,hoodie,17,3/3/2026
2/27/2026 19:00,hoodie,16,3/3/2026
2/27/2026 20:00,hoodie,11,3/3/2026
2/27/2026 21:00,hoodie,25,3/3/2026
2/27/2026 22:00,hoodie,19,3/3/2026
2/27/2026 23:00,hoodie,10,3/3/2026
2/28/2026 0:00,hoodie,12,3/3/2026
2/28/2026 1:00,hoodie,8,3/3/2026
2/28/2026 2:00,hoodie,3,3/3/2026
2/28/2026 3:00,hoodie,3,3/3/2026
2/28/2026 4:00,hoodie,4,3/3/2026
2/28/2026 5:00,hoodie,4,3/3/2026
2/28/2026 6:00,hoodie,4,3/3/2026
2/28/2026 7:00,hoodie,4,3/3/2026
2/28/2026 8:00,hoodie,4,3/3/2026
2/28/2026 9:00,hoodie,4,3/3/2026
2/28/2026 10:00,hoodie,4,3/3/2026
2/28/2026 11:00,hoodie,5,3/3/2026
2/28/2026 12:00,hoodie,5,3/3/2026
2/28/2026 13:00,hoodie,4,3/3/2026
2/28/2026 14:00,hoodie,5,3/3/2026
2/28/2026 15:00,hoodie,4,3/3/2026
2/28/2026 16:00,hoodie,4,3/3/2026
2/28/2026 17:00,hoodie,4,3/3/2026
2/28/2026 18:00,hoodie,6,3/3/2026
2/28/2026 19:00,hoodie,7,3/3/2026
2/28/2026 20:00,hoodie,8,3/3/2026
2/28/2026 21:00,hoodie,8,3/3/2026
2/28/2026 22:00,hoodie,4,3/3/2026
2/28/2026 23:00,hoodie,6,3/3/2026
3/1/2026 0:00,hoodie,3,3/3/2026
3/1/2026 1:00,hoodie,3,3/3/2026
3/1/2026 2:00,hoodie,5,3/3/2026
3/1/2026 3:00,hoodie,4,3/3/2026
3/1/2026 4:00,hoodie,5,3/3/2026
3/1/2026 5:00,hoodie,4,3/3/2026
3/1/2026 6:00,hoodie,5,3/3/2026
3/1/2026 7:00,hoodie,5,3/3/2026
3/1/2026 8:00,hoodie,5,3/3/2026
3/1/2026 9:00,hoodie,4,3/3/2026
3/1/2026 10:00,hoodie,5,3/3/2026
3/1/2026 11:00,hoodie,5,3/3/2026
3/1/2026 12:00,hoodie,5,3/3/2026
3/1/2026 13:00,hoodie,4,3/3/2026
3/1/2026 14:00,hoodie,5,3/3/2026
3/1/2026 15:00,hoodie,4,3/3/2026
3/1/2026 16:00,hoodie,4,3/3/2026
3/1/2026 17:00,hoodie,4,3/3/2026
3/1/2026 18:00,hoodie,5,3/3/2026
3/1/2026 19:00,hoodie,5,3/3/2026
3/1/2026 20:00,hoodie,7,3/3/2026
3/1/2026 21:00,hoodie,6,3/3/2026
3/1/2026 22:00,hoodie,6,3/3/2026
3/1/2026 23:00,hoodie,4,3/3/2026
3/2/2026 0:00,hoodie,5,3/3/2026
3/2/2026 1:00,hoodie,3,3/3/2026
3/2/2026 2:00,hoodie,3,3/3/2026
3/2/2026 3:00,hoodie,3,3/3/2026
3/2/2026 4:00,hoodie,3,3/3/2026
3/2/2026 5:00,hoodie,4,3/3/2026
3/2/2026 6:00,hoodie,3,3/3/2026
3/2/2026 7:00,hoodie,4,3/3/2026
3/2/2026 8:00,hoodie,4,3/3/2026
3/2/2026 9:00,hoodie,4,3/3/2026
3/2/2026 10:00,hoodie,4,3/3/2026
3/2/2026 11:00,hoodie,4,3/3/2026
3/2/2026 12:00,hoodie,4,3/3/2026
3/2/2026 13:00,hoodie,4,3/3/2026
3/2/2026 14:00,hoodie,4,3/3/2026
3/2/2026 15:00,hoodie,4,3/3/2026
3/2/2026 16:00,hoodie,5,3/3/2026
3/2/2026 17:00,hoodie,5,3/3/2026
3/2/2026 18:00,hoodie,5,3/3/2026
3/2/2026 19:00,hoodie,6,3/3/2026
3/2/2026 20:00,hoodie,7,3/3/2026
3/2/2026 21:00,hoodie,6,3/3/2026
3/2/2026 22:00,hoodie,3,3/3/2026
3/2/2026 23:00,hoodie,3,3/3/2026
3/3/2026 0:00,hoodie,3,3/3/2026
3/3/2026 1:00,hoodie,3,3/3/2026
3/3/2026 2:00,hoodie,3,3/3/2026
3/3/2026 3:00,hoodie,4,3/3/2026
3/3/2026 4:00,hoodie,3,3/3/2026
3/3/2026 5:00,hoodie,3,3/3/2026
3/3/2026 6:00,hoodie,3,3/3/2026
3/3/2026 7:00,hoodie,4,3/3/2026
3/3/2026 8:00,hoodie,4,3/3/2026
3/3/2026 9:00,hoodie,4,3/3/2026
3/3/2026 10:00,hoodie,0,3/3/2026
2/24/2026 10:00,streetwear,5,3/3/2026
2/24/2026 11:00,streetwear,8,3/3/2026
2/24/2026 12:00,streetwear,8,3/3/2026
2/24/2026 13:00,streetwear,6,3/3/2026
2/24/2026 14:00,streetwear,7,3/3/2026
2/24/2026 15:00,streetwear,9,3/3/2026
2/24/2026 16:00,streetwear,11,3/3/2026
2/24/2026 17:00,streetwear,14,3/3/2026
2/24/2026 18:00,streetwear,12,3/3/2026
2/24/2026 19:00,streetwear,11,3/3/2026
2/24/2026 20:00,streetwear,16,3/3/2026
2/24/2026 21:00,streetwear,0,3/3/2026
2/24/2026 22:00,streetwear,0,3/3/2026
2/24/2026 23:00,streetwear,0,3/3/2026
2/25/2026 0:00,streetwear,12,3/3/2026
2/25/2026 1:00,streetwear,11,3/3/2026
2/25/2026 2:00,streetwear,9,3/3/2026
2/25/2026 3:00,streetwear,11,3/3/2026
2/25/2026 4:00,streetwear,9,3/3/2026
2/25/2026 5:00,streetwear,12,3/3/2026
2/25/2026 6:00,streetwear,10,3/3/2026
2/25/2026 7:00,streetwear,7,3/3/2026
2/25/2026 8:00,streetwear,9,3/3/2026
2/25/2026 9:00,streetwear,6,3/3/2026
2/25/2026 10:00,streetwear,11,3/3/2026
2/25/2026 11:00,streetwear,13,3/3/2026
2/25/2026 12:00,streetwear,8,3/3/2026
2/25/2026 13:00,streetwear,13,3/3/2026
2/25/2026 14:00,streetwear,10,3/3/2026
2/25/2026 15:00,streetwear,12,3/3/2026
2/25/2026 16:00,streetwear,13,3/3/2026
2/25/2026 17:00,streetwear,12,3/3/2026
2/25/2026 18:00,streetwear,18,3/3/2026
2/25/2026 19:00,streetwear,15,3/3/2026
2/25/2026 20:00,streetwear,24,3/3/2026
2/25/2026 21:00,streetwear,0,3/3/2026
2/25/2026 22:00,streetwear,30,3/3/2026
2/25/2026 23:00,streetwear,34,3/3/2026
2/26/2026 0:00,streetwear,0,3/3/2026
2/26/2026 1:00,streetwear,7,3/3/2026
2/26/2026 2:00,streetwear,7,3/3/2026
2/26/2026 3:00,streetwear,7,3/3/2026
2/26/2026 4:00,streetwear,5,3/3/2026
2/26/2026 5:00,streetwear,7,3/3/2026
2/26/2026 6:00,streetwear,7,3/3/2026
2/26/2026 7:00,streetwear,9,3/3/2026
2/26/2026 8:00,streetwear,8,3/3/2026
2/26/2026 9:00,streetwear,5,3/3/2026
2/26/2026 10:00,streetwear,7,3/3/2026
2/26/2026 11:00,streetwear,14,3/3/2026
2/26/2026 12:00,streetwear,19,3/3/2026
2/26/2026 13:00,streetwear,30,3/3/2026
2/26/2026 14:00,streetwear,25,3/3/2026
2/26/2026 15:00,streetwear,27,3/3/2026
2/26/2026 16:00,streetwear,26,3/3/2026
2/26/2026 17:00,streetwear,29,3/3/2026
2/26/2026 18:00,streetwear,36,3/3/2026
2/26/2026 19:00,streetwear,37,3/3/2026
2/26/2026 20:00,streetwear,55,3/3/2026
2/26/2026 21:00,streetwear,92,3/3/2026
2/26/2026 22:00,streetwear,100,3/3/2026
2/26/2026 23:00,streetwear,67,3/3/2026
2/27/2026 0:00,streetwear,46,3/3/2026
2/27/2026 1:00,streetwear,32,3/3/2026
2/27/2026 2:00,streetwear,23,3/3/2026
2/27/2026 3:00,streetwear,14,3/3/2026
2/27/2026 4:00,streetwear,15,3/3/2026
2/27/2026 5:00,streetwear,13,3/3/2026
2/27/2026 6:00,streetwear,15,3/3/2026
2/27/2026 7:00,streetwear,12,3/3/2026
2/27/2026 8:00,streetwear,14,3/3/2026
2/27/2026 9:00,streetwear,15,3/3/2026
2/27/2026 10:00,streetwear,10,3/3/2026
2/27/2026 11:00,streetwear,7,3/3/2026
2/27/2026 12:00,streetwear,7,3/3/2026
2/27/2026 13:00,streetwear,9,3/3/2026
2/27/2026 14:00,streetwear,9,3/3/2026
2/27/2026 15:00,streetwear,9,3/3/2026
2/27/2026 16:00,streetwear,13,3/3/2026
2/27/2026 17:00,streetwear,12,3/3/2026
2/27/2026 18:00,streetwear,20,3/3/2026
2/27/2026 19:00,streetwear,13,3/3/2026
2/27/2026 20:00,streetwear,0,3/3/2026
2/27/2026 21:00,streetwear,21,3/3/2026
2/27/2026 22:00,streetwear,30,3/3/2026
2/27/2026 23:00,streetwear,0,3/3/2026
2/28/2026 0:00,streetwear,0,3/3/2026
2/28/2026 1:00,streetwear,9,3/3/2026
2/28/2026 2:00,streetwear,0,3/3/2026
2/28/2026 3:00,streetwear,6,3/3/2026
2/28/2026 4:00,streetwear,5,3/3/2026
2/28/2026 5:00,streetwear,0,3/3/2026
2/28/2026 6:00,streetwear,0,3/3/2026
2/28/2026 7:00,streetwear,6,3/3/2026
2/28/2026 8:00,streetwear,4,3/3/2026
2/28/2026 9:00,streetwear,6,3/3/2026
2/28/2026 10:00,streetwear,4,3/3/2026
2/28/2026 11:00,streetwear,5,3/3/2026
2/28/2026 12:00,streetwear,7,3/3/2026
2/28/2026 13:00,streetwear,6,3/3/2026
2/28/2026 14:00,streetwear,4,3/3/2026
2/28/2026 15:00,streetwear,4,3/3/2026
2/28/2026 16:00,streetwear,6,3/3/2026
2/28/2026 17:00,streetwear,6,3/3/2026
2/28/2026 18:00,streetwear,7,3/3/2026
2/28/2026 19:00,streetwear,10,3/3/2026
2/28/2026 20:00,streetwear,0,3/3/2026
2/28/2026 21:00,streetwear,0,3/3/2026
2/28/2026 22:00,streetwear,0,3/3/2026
2/28/2026 23:00,streetwear,0,3/3/2026
3/1/2026 0:00,streetwear,14,3/3/2026
3/1/2026 1:00,streetwear,0,3/3/2026
3/1/2026 2:00,streetwear,0,3/3/2026
3/1/2026 3:00,streetwear,0,3/3/2026
3/1/2026 4:00,streetwear,0,3/3/2026
3/1/2026 5:00,streetwear,0,3/3/2026
3/1/2026 6:00,streetwear,5,3/3/2026
3/1/2026 7:00,streetwear,4,3/3/2026
3/1/2026 8:00,streetwear,3,3/3/2026
3/1/2026 9:00,streetwear,5,3/3/2026
3/1/2026 10:00,streetwear,6,3/3/2026
3/1/2026 11:00,streetwear,6,3/3/2026
3/1/2026 12:00,streetwear,4,3/3/2026
3/1/2026 13:00,streetwear,4,3/3/2026
3/1/2026 14:00,streetwear,6,3/3/2026
3/1/2026 15:00,streetwear,4,3/3/2026
3/1/2026 16:00,streetwear,7,3/3/2026
3/1/2026 17:00,streetwear,4,3/3/2026
3/1/2026 18:00,streetwear,6,3/3/2026
3/1/2026 19:00,streetwear,8,3/3/2026
3/1/2026 20:00,streetwear,0,3/3/2026
3/1/2026 21:00,streetwear,0,3/3/2026
3/1/2026 22:00,streetwear,0,3/3/2026
3/1/2026 23:00,streetwear,0,3/3/2026
3/2/2026 0:00,streetwear,0,3/3/2026
3/2/2026 1:00,streetwear,0,3/3/2026
3/2/2026 2:00,streetwear,0,3/3/2026
3/2/2026 3:00,streetwear,0,3/3/2026
3/2/2026 4:00,streetwear,0,3/3/2026
3/2/2026 5:00,streetwear,5,3/3/2026
3/2/2026 6:00,streetwear,3,3/3/2026
3/2/2026 7:00,streetwear,6,3/3/2026
3/2/2026 8:00,streetwear,4,3/3/2026
3/2/2026 9:00,streetwear,4,3/3/2026
3/2/2026 10:00,streetwear,6,3/3/2026
3/2/2026 11:00,streetwear,4,3/3/2026
3/2/2026 12:00,streetwear,6,3/3/2026
3/2/2026 13:00,streetwear,0,3/3/2026
3/2/2026 14:00,streetwear,5,3/3/2026
3/2/2026 15:00,streetwear,4,3/3/2026
3/2/2026 16:00,streetwear,7,3/3/2026
3/2/2026 17:00,streetwear,0,3/3/2026
3/2/2026 18:00,streetwear,7,3/3/2026
3/2/2026 19:00,streetwear,9,3/3/2026
3/2/2026 20:00,streetwear,0,3/3/2026
3/2/2026 21:00,streetwear,0,3/3/2026
3/2/2026 22:00,streetwear,0,3/3/2026
3/2/2026 23:00,streetwear,0,3/3/2026
3/3/2026 0:00,streetwear,0,3/3/2026
3/3/2026 1:00,streetwear,0,3/3/2026
3/3/2026 2:00,streetwear,0,3/3/2026
3/3/2026 3:00,streetwear,0,3/3/2026
3/3/2026 4:00,streetwear,4,3/3/2026
3/3/2026 5:00,streetwear,7,3/3/2026
3/3/2026 6:00,streetwear,4,3/3/2026
3/3/2026 7:00,streetwear,5,3/3/2026
3/3/2026 8:00,streetwear,6,3/3/2026
3/3/2026 9:00,streetwear,4,3/3/2026
3/3/2026 10:00,streetwear,0,3/3/2026
